direction,n,wins,losses,pushes,avg_edge,win_rate_ex_push
OVER,275,121,152,2,1.449730909090909,0.4432234432234432
UNDER,380,230,144,6,-2.5021526315789475,0.6149732620320856
